{"version": 1, "notes": "", "documentation": "\"This file is a QMK Configurator export. You can import this at <https://config.qmk.fm>. It can also be used directly with QMK's source code.\n\nTo setup your QMK environment check out the tutorial: <https://docs.qmk.fm/#/newbs>\n\nYou can convert this file to a keymap.c using this command: `qmk json2c {keymap}`\n\nYou can compile this keymap using this command: `qmk compile {keymap}`\"\n", "keyboard": "miniaxe", "keymap": "miniaxe_layout_split_3x5_3_mine", "layout": "LAYOUT_split_3x5_3", "layers": [["KC_Q", "KC_D", "KC_R", "KC_W", "KC_B", "KC_J", "KC_F", "KC_U", "KC_P", "OSL(4)", "KC_A", "LSFT_T(KC_S)", "KC_H", "KC_T", "KC_G", "KC_Y", "KC_N", "KC_E", "RSFT_T(KC_O)", "KC_I", "KC_Z", "KC_X", "KC_M", "KC_C", "KC_V", "KC_K", "KC_L", "KC_COMM", "KC_DOT", "KC_SLSH", "LGUI_T(KC_BSPC)", "MO(1)", "KC_SPC", "LCTL_T(KC_ESC)", "MO(2)", "LALT_T(KC_ENT)"], ["KC_ESC", "KC_BSPC", "KC_ENT", "LALT(KC_LEFT)", "LALT(KC_RGHT)", "KC_TRNS", "KC_7", "KC_8", "KC_9", "KC_0", "KC_TAB", "KC_LSFT", "KC_LGUI", "KC_LALT", "KC_LCTL", "KC_SCLN", "KC_4", "KC_5", "LSFT_T(KC_6)", "KC_ENT", "KC_TRNS", "KC_F13", "KC_F14", "KC_F15", "KC_F16", "KC_BSLS", "KC_1", "KC_2", "KC_3", "KC_RSFT", "KC_TRNS", "KC_TRNS", "KC_TRNS", "KC_SPC", "MO(3)", "KC_TRNS"], ["KC_EXLM", "KC_LPRN", "KC_RPRN", "KC_AT", "KC_HASH", "KC_GRV", "KC_TILD", "KC_PIPE", "KC_BSLS", "KC_UNDS", "KC_AMPR", "KC_LSFT", "KC_MINS", "KC_EQL", "KC_ASTR", "KC_LEFT", "KC_DOWN", "KC_UP", "KC_RGHT", "KC_PERC", "KC_CIRC", "KC_LBRC", "KC_RBRC", "KC_LCBR", "KC_RCBR", "KC_QUOT", "KC_DQUO", "KC_SCLN", "KC_COLN", "KC_RSFT", "LGUI_T(KC_BSPC)", "MO(3)", "KC_SPC", "LCTL_T(KC_ESC)", "KC_TRNS", "LALT_T(KC_ENT)"], ["KC_1", "KC_2", "KC_3", "KC_4", "KC_5", "KC_6", "KC_7", "KC_8", "KC_9", "KC_0", "QK_BOOT", "KC_LSFT", "KC_LGUI", "KC_LALT", "KC_LCTL", "KC_LEFT", "KC_DOWN", "KC_UP", "KC_RGHT", "KC_ENT", "KC_TRNS", "KC_F13", "KC_F14", "KC_F15", "KC_F16", "KC_LNG2", "KC_LNG1", "KC_APP", "KC_F20", "KC_RSFT", "LGUI_T(KC_BSPC)", "KC_TRNS", "KC_SPC", "LCTL_T(KC_ESC)", "KC_TRNS", "LALT_T(KC_ENT)"], ["KC_F1", "KC_F2", "KC_F3", "KC_F4", "KC_F5", "KC_F6", "KC_F7", "KC_F8", "KC_F9", "KC_TRNS", "KC_TAB", "KC_LSFT", "KC_LGUI", "KC_LALT", "KC_LCTL", "KC_MPRV", "KC_COPY", "KC_PSTE", "KC_RSFT", "KC_CUT", "KC_NO", "KC_F13", "KC_F14", "KC_F15", "KC_F16", "KC_MNXT", "KC_F10", "KC_F11", "KC_F12", "KC_NO", "KC_TRNS", "KC_TRNS", "KC_TRNS", "KC_TRNS", "KC_TRNS", "KC_TRNS"]]}
